Wall time,Step,Value
1672443206.7099185,55574,0.4995948076248169
