Wall time,Step,Value
1672219948.2237823,30000,0.4140969216823578
