Wall time,Step,Value
1672309433.100046,30000,0.7753304243087769
